{
   "aboutBannerData": {
      "pageTitleLineOne": "Empowering Tech",
      "pageTitleLineTwo": "Simplifying Lives",
      "bannerText": "Welcome to ByteScrum Technologies, your trusted partner in IT solutions and web development. With our dedicated development services.",
      "links": ["Home", "About-Us"]
   },
   "aboutMeSection": {
      "titleOne": "About Me",
      "titleTwo": "Company's information, background, website, and other interesting things",
      "subTitle": "Ignite the senses with our visually captivating and exquisite designs.",
      "text": [
         "When it comes to crafting functional and visually captivating designs, our expertise stands unrivalled. Our team comprises passionate, skilled, and seasoned web and mobile app developers who possess the prowess to create exceptional websites, mobile applications, e-commerce solutions, portals, intranets, and more, all boasting user-friendly UI/UX and superior functionality",
         " As a trailblazing website development agency, ByteScrum brings over 5 years of experience and a remarkable portfolio of successful projects to the table. We take immense pride in our global clientele, with satisfied clients spanning various  industries.",
         " What truly sets us apart is our commitment to being your dedicated growth and success partner. We treat your business as our own, collaborating with you to establish a robust design that leaves a lasting impression. Let us join forces to craft a stellar representation of your business and propel you towards unmatched success."
      ]
   },
   "funSection": {
      "titleOne": "Our",
      "titleTwo": "Fun Fact",
      "text": "At ByteScrum Technologies, we believe in the power of innovation and creativity. Our fun fact is that we have successfully completed over 300 projects, helping businesses thrive in the digital landscape. Our team is not just about delivering solutions; we are passionate about making a positive impact through technology, ensuring that every project we undertake is a step towards a brighter future for our clients."
   },
   "chooseSection": {
      "titleOne": "Why",
      "titleTwo": "Choose Us?",

      "chooseCard": [
         {
            "_Id": 1,
            "title": "Experienced and Knowledgeable Team",
            "text": "Our experienced and knowledgeable team is committed to excellence, leveraging years of expertise in the IT sector to provide innovative solutions and exceptional service that cater to your specific requirements."
         },
         {
            "_Id": 2,
            "title": "Innovation and Creativity",
            "text": "At ByteScrum Technologies, we harness the power of innovation and creativity, blending our extensive experience with cutting-edge ideas to craft customized IT solutions that not only meet but surpass client expectations."
         },
         {
            "_Id": 3,
            "title": "Client-Centric Approach",
            "text": "At ByteScrum Technologies, we prioritize our clients' needs by providing tailored solutions that reflect their unique goals and challenges. Our dedicated team of experts is committed to delivering exceptional service and fostering long-term partnerships built on trust and collaboration."
         },
         {
            "_Id": 4,
            "title": "Results-Driven Solutions",
            "text": "Our results-driven solutions are crafted by a team of highly skilled professionals with extensive experience in the IT industry, dedicated to delivering exceptional service and achieving measurable outcomes for our clients."
         }
      ]
   },
   "missionSection": {
      "title": "Our Mission",
      "accordions": [
         {
            "_id": 1,
            "title": "Our Vision",
            "text": "Our team consists of highly skilled professionals with extensive experience in the IT industry, ensuring top-quality solutions and exceptional service."
         },
         {
            "_id": 2,
            "title": "Who we are ?",
            "text": "Our team consists of highly skilled professionals with extensive experience in the IT industry, ensuring top-quality solutions and exceptional service."
         },
         {
            "_id": 3,
            "title": "Our Approach",
            "text": "Our team consists of highly skilled professionals with extensive experience in the IT industry, ensuring top-quality solutions and exceptional service."
         }
      ]
   },

   "valueSection": {
      "title": "Our Values",
      "subTitle": "Integrity, customer focus, innovation, collaboration, excellence, and social responsibility drive everything we do.",
      "valueCard": [
         {
            "_Id": 1,
            "title": "Authenticity",
            "text": "Authenticity now encompasses more than just a personality trait. It shapes our lives, defines our values, "
         },
         {
            "_Id": 2,
            "title": "Togetherness",
            "text": "Togetherness fosters genuine by breaking down barriers and creating a virtual."
         },
         {
            "_Id": 3,
            "title": "Gratitude",
            "text": "Gratitude transcends being a mere word of the year; it embodies a way of life."
         }
      ],
      "deskTopImg": "/aboutUs/deskTopImg.png",
      "mobileImg": "/aboutUs/mobileImg.png"
   }
}
