{
   "contact": {
      "pageTitleLineOne": "Get in Touch:",
      "pageTitleLineTwo": " Contact Us Now",
      "links": ["Home", "Contact-Us"]
   },
   "officeAddressData": {
      "title": "Our Office",
      "text": "Schedule your visit with us.",
      "officeAddress": {
         "title": "Lucknow",
         "address": "B-50 2nd floor, Vibhuti Khand, Gomti Nagar, Lucknow, Uttar Pradesh 226010 ",
         "assisDays": "Assistance Days:",
         "assisTime": " Monday - Saturday10 am to 8 pm"
      },
      "contactNumber": {
         "title": "Phone Number",
         "phoneOne": "+1 (270) 601-4311",
         "phoneTwo": "+91 760 781 5580",
         "assisHours": "Assistance hours:",
         "assisTime": "Monday – Saturday 10 am to 10 pm IST"
      },
      "mailAddress": {
         "title": "E-Mail Address",
         "emailOne": "support@bytescrum.com",
         "emailTwo": " info@bytescrum.com",
         "assisHours": "Available:",
         "assisTime": "24*7 for any related Queries"
      }
   },
   "careerSection": {
      "subTitle": "Careers",
      "title": "Join our team to create the Best Digital Solutions",
      "text": "We’re a team of creatives who are excited about unique ideas and help fin-tech companies to create amazing identity by crafting top-notch UI/UX.",
      "btnText": "See Open Positions",
      "btnIcon": "ph:arrow-right-light",
      "btnLink": "/careers"
   },
   "contactFormSection": {
      "title": "Let's Connect With Us",
      "subTitle": "Get in touch with us to discuss your project requirements and let's create something amazing together.",
      "btnText": "Let's Talk"
   }
}
