{
   "hireBannerData": {
      "titleOne": "Hire Top-notch ",
      "titleTwo": "Developers Now!",
      "text": "Welcome to ByteScrum Technologies, your trusted partner in IT solutions and web development. With our dedicated development services, we turn your ideas into reality, creating exceptional websites and software solutions. ",
      "links": ["Home", "Hire-Developer"]
   },
   "developerSection": {
      "titleOne": "Hire Our",
      "titleTwo": "Top-notch Developer",
      "text": "Lorem Ipsum is simply dummy text of the printing and typesetting industry. Lorem Ipsum has been the industry's standard ",
      "skillCard": {
         "_id": 1,
         "icon": "",
         "title": "React JS & Native"
      }
   },
   "experienceSection": {
      "subTitle": "HIRE DEDICATED DEVELOPMENT",
      "titleOne": "Experience the Benefits of Hiring",
      "titleTwo": "Dedicated Developers",
      "experienceCard": [
         {
            "_id": 1,
            "icon": "/hireDev/access.svg",
            "title": "Access to Top Talent",
            "text": "Our dedicated developers at ByteScrum Technologies are experienced, skilled, and passionate about delivering high-quality solutions for your project. Trust us to bring your vision to life with excellence.",
            "width": 50,
            "height": 50
         },
         {
            "_id": 2,
            "icon": "/hireDev/cost.svg",
            "title": "Cost Optimization",
            "text": "With dedicated developers, you streamline expenses by eliminating recruitment, training, and infrastructure investments. Trust ByteScrum Technologies to optimize your resources and achieve your business goals.",
            "width": 50,
            "height": 50
         },
         {
            "_id": 3,
            "icon": "/hireDev/risk.svg",
            "title": "Risk Mitigation",
            "text": "Our proactive planning, effective communication, and problem-solving approach minimize project risks. Trust our expertise at ByteScrum Technologies for smooth project execution and successful outcomes.",
            "width": 43.5,
            "height": 50
         }
      ]
   },
   "skillSection": {
      "titleOne": "Advanced Skills in Industry-Standard",
      "titleTwo": "Technologies",
      "skillCard": [
         {
            "_id": 1,
            "icon": "/hireDev/react.png",
            "title": "React JS & Native",
            "width": 84,
            "height": 77
         },
         {
            "_id": 2,
            "icon": "/hireDev/nodeJS.png",
            "title": "Node JS",
            "width": 71,
            "height": 80
         },
         {
            "_id": 3,
            "icon": "/hireDev/blockchain.png",
            "title": "Blockchain",
            "width": 80,
            "height": 80
         },
         {
            "_id": 4,
            "icon": "/hireDev/python.png",
            "title": "Python",
            "width": 73,
            "height": 80
         },
         {
            "_id": 5,
            "icon": "/hireDev/flutter.png",
            "title": "Flutter",
            "width": 80,
            "height": 80
         },
         {
            "_id": 6,
            "icon": "/hireDev/nextJS.png",
            "title": "Next JS",
            "width": 80,
            "height": 80
         },
         {
            "_id": 7,
            "icon": "/hireDev/wordpress.png",
            "title": "Wordpress",
            "width": 80,
            "height": 80
         },
         {
            "_id": 8,
            "icon": "/hireDev/shopify.png",
            "title": "Shopify",
            "width": 80,
            "height": 80
         },
         {
            "_id": 9,
            "icon": "/hireDev/openCart.png",
            "title": "Open Cart",
            "width": 80,
            "height": 80
         },
         {
            "_id": 10,
            "icon": "/hireDev/php.png",
            "title": "PHP",
            "width": 80,
            "height": 80
         },
         {
            "_id": 11,
            "icon": "/hireDev/presta.png",
            "title": "Presta Shop",
            "width": 78,
            "height": 80
         },
         {
            "_id": 12,
            "icon": "/hireDev/aws.png",
            "title": "Aws",
            "width": 80,
            "height": 80
         }
      ]
   },
   "developmentSection": {
      "subTitle": "HIRE DEDICATED DEVELOPMENT",
      "titleOne": "Our Dedicated ",
      "titleTwo": "Development Approach",
      "developmentCard": [
         {
            "_id": 1,
            "icon": "/hireDev/webDevelopment.svg",
            "title": "Web Development",
            "text": "At ByteScrum Technologies, we excel in web development. Our expertise delivers tailored, user-friendly web applications with seamless cross-device experiences. Stay ahead with our modern approach to web development.",
            "path": "/web-development",
            "width": 50,
            "height": 50
         },
         {
            "_id": 2,
            "icon": "/hireDev/mobileDevelopment.svg",
            "title": "Mobile Development",
            "text": "Mobile app development creates software applications for smartphones and tablets. It involves planning, design, development, and testing, aiming to deliver user-friendly, feature-rich apps that enhance mobile experiences.",
            "path": "/mobile-app-development",
            "width": 39,
            "height": 50
         },
         {
            "_id": 3,
            "icon": "/hireDev/blockChainDevelopment.svg",
            "title": "Block Chain Development",
            "text": "Blockchain development drives decentralized technology through scalability, interoperability, privacy, governance, and BaaS. It enhances transactions, communication, data protection, decision-making, and development.",
            "path": "/block-chain-development",
            "width": 50,
            "height": 50
         },
         {
            "_id": 4,
            "icon": "/hireDev/csDevelopment.svg",
            "title": "Custom Software Development",
            "text": "Custom software development delivers tailored solutions for your business needs, offering control, flexibility, and a competitive edge. It boosts efficiency and productivity while accommodating future growth.",
            "path": "/custom-software-development",
            "width": 50,
            "height": 50
         },
         {
            "_id": 5,
            "icon": "hireDev/e-CommerceDev.svg",
            "title": "E-Commerce Development",
            "text": "E-commerce development creates online platforms for businesses to sell products/services globally. It includes user-friendly interfaces, secure payments, and efficient inventory management. Drive growth and success with e-commerce development.",
            "path": "/ecommerce-development",
            "width": 56,
            "height": 50
         },
         {
            "_id": 6,
            "icon": "/hireDev/fsDevelopment.svg",
            "title": "Full Stack Development",
            "text": "Full stack development combines front-end and back-end components in software creation. Skilled full stack developers handle user interfaces, databases, and server infrastructure. They stay updated to deliver cutting-edge solutions.",
            "path": "/full-stack-developer",
            "width": 50,
            "height": 50
         }
      ]
   },
   "byteScrumValueSection": {
      "titleOne": "ByteScrum Value To",
      "titleTwo": "Our Top-notch Developer",
      "accordions": [
         {
            "_id": 1,
            "title": "Why Hire Dedicated Developers?",
            "text": "Lorem Ipsum is simply dummy text of the printing and typesetting industry. Lorem Ipsum has been the industry's standard "
         },
         {
            "_id": 2,
            "title": "Why Choose Bytescrum Technologies?",
            "text": "Lorem Ipsum is simply dummy text of the printing and typesetting industry. Lorem Ipsum has been the industry's standard "
         }
      ]
   }
}
