{
   "navbar": {
      "logo": "/bytes_Logo_3.svg",
      "navbarLinks": [
         {
            "href": "/about-us",
            "title": "About Us"
         },
         {
            "href": "#",
            "title": "Services",
            "submenu": [
               {
                  "href": "/web-development",
                  "icon": "/webDev.svg",
                  "title": "Web Development",
                  "text": "Get Unique Software For Your Business. We Have A Record Of Over 120 Successful Projects."
               },
               {
                  "href": "/mobile-app-development",
                  "icon": "/mobileDev.svg",
                  "title": "Mobile App Development",
                  "text": "Free Web App Development Plan From Our Experts. Get Familiar With Our Service Offering."
               },
               {
                  "href": "/block-chain-development",
                  "icon": "/blockDev.svg",
                  "title": "Blockchain Development",
                  "text": "The Widest Range Of Custom-Designed Mobile Apps And Free Consulting On Project Strategy."
               },
               {
                  "href": "/ai-development",
                  "icon": "/AI.svg",
                  "title": "AI Development",
                  "text": "AI Development: Unlock intelligent automation, predictive analytics, and custom AI solutions for your business."
               },
               {
                  "href": "/hire-dedicated-developers",
                  "icon": "/hireDevIcon.svg",
                  "title": "Hire Dedicated Developers",
                  "text": "Talk To Our Business Analysis Team And Start A Project With A Discovery Phase."
               },
               {
                  "href": "/custom-software-development",
                  "icon": "/customSoft.svg",
                  "title": "Custom Software Development",
                  "text": "We Offer 3 Data Migration Approaches Big Ban , Classic, And A ile."
               },

               {
                  "href": "/ecommerce-development",
                  "icon": "/ecommarceDevIocn.svg",
                  "title": "ECommerce Development",
                  "text": "More Than 15 IT Specialists To Extend Your In-House Development."
               },
               {
                  "href": "/python-development",
                  "title": "Python Development",
                  "icon": "/pythonDev.svg",
                  "text": "Python Development Involves Creating Software, Websites, Scripts Using The Versatile Programming Language.."
               },
               {
                  "href": "/laravel-web-development",
                  "icon": "/laravelDev.svg",
                  "title": "Laravel Development",
                  "text": "Laravel Framework Focuses On Simplicity, Elegance, And Modern Web Development Methods For Online Apps."
               },
               {
                  "href": "/recover-hacked-website",
                  "title": "Recover Hacked Website",
                  "icon": "/recoverHackedwebsite.svg",
                  "text": "Recover Hacked Websites Quickly By Offline, Restoring, Removing Malicious Code, Updating Software."
               }
            ]
         },
         {
            "href": "/portfolio",
            "title": "Portfolio"
         },
         {
            "href": "https://blog.bytescrum.com/",
            "title": "Blogs"
         },
         {
            "href": "/careers",
            "title": "Careers"
         },
         {
            "href": "/contact-us",
            "title": "Contact Us"
         }
      ],
      "navBtn": "Free Consultation"
   },
   "heroSection": {
      "text": "DIGITAL TRANSFORMATION",
      "title": "  Forging Dynamic",
      "subtitle": "IT Services in",
      "subtitleData": [
         "/mobileApp.svg",
         "/Blockchain.svg",
         "/heroIcon.svg",
         "/AI.svg"
      ],
      "subtitleSequence": [
         "Mobile Apps",
         900,
         "Blockchain",
         900,
         "Web Development",
         800,
         "Artificial Intelligence",
         700
      ],
      "animationDuration": [700, 700, 900, 1200],
      "para": " More than just a vendor, someone you can count upon to use technology to deliver digital solutions along with domain expertise.",
      "btnText": " Get a Quote",
      "scrollDownBtn": {
         "img": "/scroll.svg",
         "link": "realValue",
         "icon": "mynaui:arrow-down"
      }
   },

   "realvalueSection": {
      "title": {
         "textOne": "Real",
         "textTwo": "Value Since 2015"
      },
      "statsData": [
         {
            "number": 8,
            "startNumber": 0,
            "text": "Year in Business",
            "symbol": "+"
         },
         {
            "number": 275,
            "startNumber": 100,
            "text": "Clients Served Globally",
            "symbol": "+"
         },
         {
            "number": 200,
            "startNumber": 100,
            "text": "Successful Projects",
            "symbol": "+"
         },
         {
            "number": 100,
            "startNumber": 0,
            "text": "Success Rate",
            "symbol": "%"
         }
      ]
   },
   "chanmpionSection": {
      "title": {
         "textOne": " We're Your",
         "textTwo": " Technology Champion"
      },
      "text": "  More than just a vendor, someone you can count upon to use technology to deliver digital solutions along with domain expertise.",
      "cardData": [
         {
            "_id": 1,
            "icon": "/webDev.svg",
            "titleOne": "Web",
            "titleTwo": " Devlopment",
            "text": "Experienced in web development, we create result-driven websites using the latest tech and practices. From responsive design to e-commerce, trust us with your ideas.",
            "href": "/web-development"
         },
         {
            "_id": 2,
            "icon": "/mobileDev.svg",
            "titleOne": "Mobile App",
            "titleTwo": " Devlopment",
            "text": "We excel in mobile app development, crafting innovative, user-friendly applications for multiple platforms. Trust us to bring your app ideas to life and effectively reach your target audience.",
            "href": "/mobile-app-development"
         },
         {
            "_id": 3,
            "icon": "/blockDev.svg",
            "titleOne": "Blockchain",
            "titleTwo": " Devlopment",
            "text": "Blockchain specialists, creating secure and transparent solutions. We excel in architecture, smart contracts, and DApp creation. Transform your business with us.",
            "href": "/block-chain-development"
         },
         {
            "_id": 4,
            "icon": "/customSoft.svg",
            "titleOne": "Custom",
            "titleTwo": "  Software Solution",
            "text": "Gain a competitive edge with custom software solutions. Our expert team tailors software to your needs. Contact us for support with software development services.",
            "href": "/custom-software-development"
         }
      ],
      "btnText": "Explore",
      "cardIcon": "solar:arrow-right-up-line-duotone"
   },

   "workProcessSection": {
      "title": {
         "textOne": "Our",
         "textTwo": "Work Process"
      },
      "text": "   ByteScrum delivers innovative apps with confidence, exceeding expectations and helping clients achieve their goals."
   },
   "portfolioSection": {
      "title": {
         "textOne": "Our",
         "textTwo": "Portfolio"
      },
      "text": " The action centric perspective is a label given to a collection of concepts, which are antithetical to the rational model.",
      "tabs": [
         "React & Node JS",
         "App",
         "Laravel",
         "WordPress",
         "Prestashop",
         "OpenCart",
         "Joomla",
         "Shopify"
      ],

      "portfolioData": [
         {
            "_id": "perfect-screenshot",
            "technology": "NextJS | TypeScript | TailwindCSS | Vercel | Framer Motion | ShadCN | Resend",
            "category": "React & Node JS",
            "project": "Perfect Screenshot",
            "text": "Perfect Screenshot is a high-performance screenshot API platform tailored for modern web applications. Featuring real-time streaming capture, device emulation, and multi-language support, it enables developers to generate perfect screenshots with precision and speed. Trusted by industry leaders, this solution is optimized for global scale, lightning-fast rendering, and secure cloud-based delivery. The intuitive UI showcases seamless integration with live demos, detailed documentation, and robust features designed to meet the demands of enterprise developers. Built with a modern tech stack and a sharp design system, Perfect Screenshot is the ultimate tool for visual testing and content automation.",
            "items": [
               "/portfolio/portfolioPage/perfect_screenshots/perfect_screenshots_1.webp",
               "/portfolio/portfolioPage/perfect_screenshots/perfect_screenshots_2.webp",
               "/portfolio/portfolioPage/perfect_screenshots/perfect_screenshots_3.webp"
            ],
            "transitionDuration": 1000,
            "interval": 1000
         },
         {
            "_id": "legion-force",
            "technology": "NextJS | Typesript | MongoDB | TailwindCSS | AWS | Iconify ",
            "category": "React & Node JS",
            "project": "Legion Force",
            "text": "Legion Force is on a mission to unleash the power of OEMs, dealers, and stakeholders in the automotive arena. The platform bridges industry disconnects by delivering accurate, reliable, and actionable insights derived from years of combined experience and deep-rooted knowledge of auto dynamics. With a keen understanding of evolving market challenges, Legion Force empowers businesses with real solutions that fuel growth, ignite creativity, ensure sustainability, and drive measurable results. Built with a robust technology stack, the system provides scalable, secure, and intelligent solutions tailored for the automotive industry's digital transformation.",
            "items": [
               "/portfolio/portfolioPage/legionForce/legion_force_1.webp",
               "/portfolio/portfolioPage/legionForce/legion_force_2.webp",
               "/portfolio/portfolioPage/legionForce/legion_force_3.webp"
            ],
            "transitionDuration": 1000,
            "interval": 1000
         },
         {
            "_id": "cmd-forward",
            "technology": "ReactJS | NestJS | Postgres | Docker | AWS",
            "category": "React & Node JS",
            "project": "CMD Forward",
            "text": "CMD is a group of Medical Doctors certified by the Department of Health, and are passionate about promoting the benefits of medical cannabis, and helping eligible patients obtain their medical cannabis treatments.",
            "items": [
               "/portfolio/portfolioPage/cmd/cmd_ss-01.webp",
               "/portfolio/portfolioPage/cmd/cmd_ss-03.webp",
               "/portfolio/portfolioPage/cmd/cmd_ss-04.webp"
            ],
            "transitionDuration": 1000,
            "interval": 1000
         },
         {
            "_id": "talent-suite",
            "technology": "ReactJS | NodeJS | MongoDB | askEmily",
            "category": "React & Node JS",
            "project": "Talent Suite",
            "text": "Talentsuite is a cutting-edge HR management web application that has transformed the way organizations manage their workforce and foster talent development. This case study explores the successful implementation of Talentsuite and its impact on streamlining employee management processes, empowering talents, enabling effective communication and collaboration, and facilitating data-driven decision-making.",
            "items": [
               "/portfolio/portfolioPage/talentSuite/otm_ss-02.webp",
               "/portfolio/portfolioPage/talentSuite/talent_manger.webp",
               "/portfolio/portfolioPage/talentSuite/talent_ss-manger-02.webp"
            ],
            "transitionDuration": 1000,
            "interval": 1000
         },
         {
            "_id": "taylor-burton",
            "technology": "Laravel | MySQL",
            "category": "Laravel",
            "project": "Taylor & Burton",
            "text": "In this case study, we will explore how a furniture company leveraged a custom Laravel-based inventory management software integrated with their WordPress website. The objective was to address the challenges they faced in inventory management and streamline their operations. By harnessing the power of Laravel and WordPress, the company successfully transformed their inventory management processes and achieved notable improvements in efficiency and customer satisfaction.",
            "items": [
               "/portfolio/portfolioPage/taylor_burton/biggles_ss-05.webp",
               "/portfolio/portfolioPage/taylor_burton/taylor_barton.webp",
               "/portfolio/portfolioPage/taylor_burton/Taylor_burton-ss-01.webp"
            ],
            "transitionDuration": 1000,
            "interval": 1000
         },
         {
            "_id": "expense-meter",
            "technology": "ReactJS | NodeJS | MongoDB | Wit.ai | Telegram",
            "category": "React & Node JS",
            "project": "Expense Meter",
            "text": "ByteScrum Technologies, a leading technology company, recognized the need to streamline their expense management processes. In this case study, we delve into the successful implementation of Expense Manager, a powerful software solution designed to revolutionize expense management. We explore the challenges faced by ByteScrum Technologies, their objectives, the strategic planning involved, the implementation process, key features of Expense Manager, and future enhancements for continued improvement.",
            "items": [
               "/portfolio/portfolioPage/expenseMeter/expenseMeter-ss-02.webp",
               "/portfolio/portfolioPage/expenseMeter/expenseMeter-ss-03.webp",
               "/portfolio/portfolioPage/expenseMeter/expenseMeter-ss-04.webp"
            ],
            "transitionDuration": 1000,
            "interval": 1000
         },
         {
            "_id": "online-talent-manager",
            "technology": "Laravel | MySQL | Bootstrap | JavaScript",
            "project": "Online Talent Manager",
            "category": "Laravel",
            "text": "The Online Talent Manager is a highly complex web-based platform developed using the Laravel framework and a MySQL database. Its primary purpose is to revolutionize talent management by offering a comprehensive system for managing clients, client managers, and candidates. The system facilitates skill development through candidate testing, result analysis, and personalized recommendations for improvement.",
            "items": [
               "/portfolio/portfolioPage/otm/otm-01.webp",
               "/portfolio/portfolioPage/otm/talent_manager-01.webp",
               "/portfolio/portfolioPage/otm/talent_manager-02.webp",
               "/portfolio/portfolioPage/otm/talent_manager-003.webp"
            ],
            "transitionDuration": 1000,
            "interval": 1000
         },
         {
            "_id": "boardroom",
            "technology": "WordPress",
            "project": "Boardroom",
            "category": "WordPress",
            "text": " In this case study, we will explore a website created to address the challenges faced by professionals in their careers. The website aims to provide resources and training to help individuals take control of their career progression, navigate conflicts with coworkers, and improve their communication skills. The website targets aspiring leaders who have been overlooked or struggle to gain recognition in their organizations.",
            "items": [
               "/portfolio/portfolioPage/boardroom/board-ss-01.webp",
               "/portfolio/portfolioPage/boardroom/boardroom_ss-01.webp",
               "/portfolio/portfolioPage/boardroom/boardroom_ss-02.webp"
            ],
            "transitionDuration": 1000,
            "interval": 1000
         },
         {
            "_id": "daya",
            "technology": "Laravel | MySQL | OCR",
            "project": "Daya",
            "category": "Laravel",
            "text": "This case study delves deeper into the transformative impact of Daya, an innovative platform that revolutionizes accounting, invoicing, communication, and pricing. Daya's user-friendly online environment and efficient tools empower accountants and clients to collaborate seamlessly, streamlining bookkeeping and financial management processes.",
            "items": [
               "/portfolio/portfolioPage/daya/daya-ss-01.webp",
               "/portfolio/portfolioPage/daya/daya-ss-02.webp",
               "/portfolio/portfolioPage/daya/daya-ss-03.webp"
            ],
            "transitionDuration": 1000,
            "interval": 1000
         },
         {
            "_id": "shared-history-project",
            "technology": "HTML5 | CSS3 | PHP",
            "category": "React & Node JS",
            "project": "Shared History Project",
            "text": "This case study delves into the development process and technological framework behind the Leo Baeck Institute Virtual Museum website. With a focus on React and Node.js, this study explores the challenges faced, strategies employed, and the outcomes achieved in creating a dynamic and user-friendly digital platform to showcase the history and cultural heritage of German-speaking Jews.",
            "items": [
               "/portfolio/portfolioPage/sharedHistoryProject/xzc.webp",
               "/portfolio/portfolioPage/sharedHistoryProject/sharedhistoryproject_ss-02.webp",
               "/portfolio/portfolioPage/sharedHistoryProject/sharedhistoryproject_ss-03.webp"
            ],
            "transitionDuration": 1000,
            "interval": 1000
         },
         {
            "_id": "green-direct",
            "technology": "React | Node JS",
            "category": "React & Node JS",
            "project": "Green Direct",
            "text": "GreenDirect is a groundbreaking platform that has revolutionized the landscape of medicinal cannabis access in Puerto Rico. This case study delves into the comprehensive development, features, and outstanding outcomes of GreenDirect, highlighting its pivotal role in providing a user-friendly and efficient solution for individuals seeking medicinal cannabis products and connecting with medical professionals.",
            "items": [
               "/portfolio/portfolioPage/greenDirect/gd-ss-01.webp",
               "/portfolio/portfolioPage/greenDirect/gd-ss-02.webp",
               "/portfolio/portfolioPage/greenDirect/gd-ss-03.webp"
            ],
            "transitionDuration": 1000,
            "interval": 1000
         },
         {
            "_id": "cordly",
            "technology": "React | Node JS",
            "category": "React & Node JS",
            "project": "Cordly",
            "text": "GreenDirect is a groundbreaking platform that has revolutionized the landscape of medicinal cannabis access in Puerto Rico. This case study delves into the comprehensive development, features, and outstanding outcomes of GreenDirect, highlighting its pivotal role in providing a user-friendly and efficient solution for individuals seeking medicinal cannabis products and connecting with medical professionals.",
            "items": [
               "/portfolio/portfolioPage/cordly/cordly-ss-06.webp",
               "/portfolio/portfolioPage/cordly/cordly-ss-05.webp",
               "/portfolio/portfolioPage/cordly/cordly-ss-04.webp"
            ],
            "transitionDuration": 1000,
            "interval": 1000
         },
         {
            "_id": "appointment-app",
            "technology": "React Native | Firebase",
            "category": "App",
            "project": "Appointment App",
            "text": "The Appointment App is an innovative solution designed to streamline the scheduling process for users and service providers. This case study explores the development journey, key features, and significant outcomes of the Appointment App, emphasizing its role in enhancing user experience and improving efficiency in managing appointments.",
            "items": [
               "/portfolio/portfolioPage/mobileApp/book_appointment.webp",
               "/portfolio/portfolioPage/mobileApp/book_appointment.webp",
               "/portfolio/portfolioPage/mobileApp/book_appointment.webp"
            ],
            "transitionDuration": 1000,
            "interval": 1000
         },
         {
            "_id": "hotel-app",
            "technology": "React Native | Firebase",
            "category": "App",
            "project": "Hotel App",
            "text": "The Hotel App is an innovative solution designed to enhance the booking experience for users and hotel owners. This case study explores the development journey, key features, and significant outcomes of the Hotel App, emphasizing its role in simplifying the reservation process, improving customer satisfaction, and streamlining hotel management operations.",
            "items": [
               "/portfolio/portfolioPage/mobileApp/hotel_app-01.webp",
               "/portfolio/portfolioPage/mobileApp/hotel_app-01.webp",
               "/portfolio/portfolioPage/mobileApp/hotel_app-01.webp"
            ],
            "transitionDuration": 1000,
            "interval": 1000
         },
         {
            "_id": "next-2-know",
            "technology": "Laravel | Luman | MySQL | Elastic | Search | AngularJS | Vue JS",
            "category": "Laravel",
            "project": "Next 2 Know",
            "text": "The Next2Know project is a highly sophisticated document upload and search system developed using Laravel, Lumen, MySQL, Elasticsearch, AngularJS, Vue.js, and integrated with Java microservices. This case study provides an in-depth analysis of the project, covering its problem identification, objectives, target users, features and functionalities, development and testing process, challenges faced, solutions implemented, results and outcomes, impact measurement, recommendations, and a concluding summary.",
            "items": [
               "/portfolio/portfolioPage/next2know/biggles_ss-05.webp",
               "/portfolio/portfolioPage/next2know/n2k-ss-01.webp",
               "/portfolio/portfolioPage/next2know/next2know-01.webp"
            ],
            "transitionDuration": 1000,
            "interval": 1000
         },
         {
            "_id": "hemex-automotive-services",
            "technology": "Laravel | MySQL",
            "category": "Laravel",
            "project": "Hemex Automotive Services",
            "text": "Hemex Automotive Services is a cutting-edge solution aimed at enhancing the automotive service experience for users and service providers. This case study delves into the development journey, key features, and significant outcomes of Hemex Automotive Services, highlighting its role in simplifying service bookings, improving customer satisfaction, and optimizing automotive service operations.",
            "items": [
               "/portfolio/portfolioPage/hemex.webp",
               "/portfolio/portfolioPage/hemex.webp",
               "/portfolio/portfolioPage/hemex.webp"
            ],
            "transitionDuration": 1000,
            "interval": 1000
         },
         {
            "_id": "my-packaging",
            "technology": "Laravel | MySQL | Vue.js",
            "category": "WordPress",
            "project": "My Packaging",
            "text": "My Packaging is an innovative solution designed to streamline the packaging process for businesses and consumers. This case study explores the development journey, key features, and significant outcomes of My Packaging, emphasizing its role in enhancing efficiency, reducing waste, and improving user satisfaction in packaging operations.",
            "items": [
               "/portfolio/portfolioPage/mypackaging.webp",
               "/portfolio/portfolioPage/mypackaging.webp",
               "/portfolio/portfolioPage/mypackaging.webp"
            ],
            "transitionDuration": 1000,
            "interval": 1000
         },
         {
            "_id": "cove-enterprise-hub",
            "technology": "Laravel | MySQL | Vue.js | Docker",
            "category": "Laravel",
            "project": "Cove Enterprise Hub",
            "text": "Cove Enterprise Hub is a comprehensive platform designed to streamline business operations and enhance collaboration among teams. This case study delves into the development journey, key features, and significant outcomes of Cove Enterprise Hub, highlighting its role in improving efficiency, fostering communication, and driving business growth.",
            "items": [
               "/portfolio/portfolioPage/coveenterprisehub-ss-01.webp",
               "/portfolio/portfolioPage/coveenterprisehub-ss-01.webp",
               "/portfolio/portfolioPage/coveenterprisehub-ss-01.webp"
            ],
            "transitionDuration": 1000,
            "interval": 1000
         },
         {
            "_id": "yorkshire-tactical-activities",
            "technology": "Laravel | MySQL | Vue.js | Docker | Kubernetes",
            "category": "WordPress",
            "project": "Yorkshire Tactical Activities",
            "text": "Yorkshire Tactical Activities is an innovative initiative designed to enhance outdoor adventure experiences for individuals and groups. This case study explores the development journey, key features, and significant outcomes of Yorkshire Tactical Activities, emphasizing its role in promoting teamwork, improving skills, and fostering a love for the outdoors.",
            "items": [
               "/portfolio/portfolioPage/book_party-02.webp",
               "/portfolio/portfolioPage/book_party-02.webp",
               "/portfolio/portfolioPage/book_party-02.webp"
            ],
            "transitionDuration": 1000,
            "interval": 1000
         },
         {
            "_id": "darwins-ark",
            "technology": "WordPress",
            "category": "WordPress",
            "project": "Darwin’s Ark",
            "text": "Darwin’s Ark is an innovative platform designed to enhance wildlife conservation efforts through technology. This case study explores the development journey, key features, and significant outcomes of Darwin’s Ark, emphasizing its role in promoting biodiversity, facilitating research, and engaging communities in conservation activities.",
            "items": [
               "/portfolio/portfolioPage/darwinsark_ss-01.webp",
               "/portfolio/portfolioPage/darwinsark_ss-01.webp",
               "/portfolio/portfolioPage/darwinsark_ss-01.webp"
            ],
            "transitionDuration": 1000,
            "interval": 1000
         },
         {
            "_id": "si-resorts",
            "technology": "WordPress",
            "category": "WordPress",
            "project": "SI Resorts",
            "text": "Cove SI Resorts is a premier destination that offers luxurious accommodations and exceptional services for travelers seeking relaxation and adventure. This case study highlights the development journey, key features, and significant outcomes of Cove SI Resorts, focusing on its role in enhancing guest experiences, promoting leisure activities, and fostering a sense of community among visitors.",
            "items": [
               "/portfolio/portfolioPage/sihos-ss-01.webp",
               "/portfolio/portfolioPage/sihos-ss-01.webp",
               "/portfolio/portfolioPage/sihos-ss-01.webp"
            ],
            "transitionDuration": 1000,
            "interval": 1000
         },
         {
            "_id": "dmz",
            "technology": "WordPress",
            "category": "WordPress",
            "project": "DMZ",
            "text": "DMZ is an innovative platform designed to provide immersive experiences for outdoor enthusiasts and adventure seekers. This case study delves into the development journey, key features, and significant outcomes of DMZ, highlighting its role in promoting teamwork, enhancing skills, and fostering a love for adventure among participants.",
            "items": [
               "/portfolio/portfolioPage/dmz-ss-01.webp",
               "/portfolio/portfolioPage/dmz-ss-01.webp",
               "/portfolio/portfolioPage/dmz-ss-01.webp"
            ],
            "transitionDuration": 1000,
            "interval": 1000
         },
         {
            "_id": "hungry-interns",
            "technology": "WordPress",
            "category": "WordPress",
            "project": "Hungry Interns",
            "text": "Hungry Interns is an innovative platform designed to connect aspiring interns with companies seeking fresh talent. This case study explores the development journey, key features, and significant outcomes of Hungry Interns, emphasizing its role in bridging the gap between education and employment, enhancing career opportunities, and fostering professional growth among participants.",
            "items": [
               "/portfolio/portfolioPage/Hungry_Interns-01.webp",
               "/portfolio/portfolioPage/Hungry_Interns-01.webp",
               "/portfolio/portfolioPage/Hungry_Interns-01.webp"
            ],
            "transitionDuration": 1000,
            "interval": 1000
         },
         {
            "_id": "lang-vital-und-glucklich-leben",
            "technology": "Prestashop",
            "category": "Prestashop",
            "project": "Lang Vital Und Glucklich Leben",
            "text": "Lang Vital Und Glucklich Leben is a holistic platform dedicated to promoting wellness and a balanced lifestyle. This case study highlights the development journey, key features, and significant outcomes of Lang Vital Und Glucklich Leben, focusing on its role in enhancing well-being, fostering community engagement, and providing resources for a healthier life.",
            "items": [
               "/portfolio/portfolioPage/b2b.webp",
               "/portfolio/portfolioPage/b2b.webp",
               "/portfolio/portfolioPage/b2b.webp"
            ],
            "transitionDuration": 1000,
            "interval": 1000
         },
         {
            "_id": "zwaard-sword-shop",
            "technology": "Prestashop",
            "category": "Prestashop",
            "project": "Zwaard Sword Shop",
            "text": "Zwaard Sword Shop is a premier destination for sword enthusiasts, offering a wide range of high-quality swords and accessories. This case study explores the development journey, key features, and significant outcomes of Zwaard Sword Shop, emphasizing its commitment to craftsmanship, customer satisfaction, and the promotion of historical swordsmanship.",
            "items": [
               "/portfolio/portfolioPage/zwaard.webp",
               "/portfolio/portfolioPage/zwaard.webp",
               "/portfolio/portfolioPage/zwaard.webp"
            ],
            "transitionDuration": 1000,
            "interval": 1000
         },
         {
            "_id": "paloma-partners",
            "technology": "Prestashop",
            "category": "Prestashop",
            "project": "Paloma Partners",
            "text": "Paloma Partners is a leading consultancy firm specializing in strategic partnerships and business development. This case study delves into the collaborative efforts, innovative strategies, and impactful results achieved by Paloma Partners, highlighting their dedication to fostering growth and success for their clients.",
            "items": [
               "/portfolio/portfolioPage/paloma.webp",
               "/portfolio/portfolioPage/paloma.webp",
               "/portfolio/portfolioPage/paloma.webp"
            ],
            "transitionDuration": 1000,
            "interval": 1000
         },
         {
            "_id": "cotties",
            "technology": "Prestashop",
            "category": "Prestashop",
            "project": "Cotties",
            "text": "Cotties is a dynamic brand focused on delivering high-quality products that enhance everyday life. This case study highlights the innovative design, customer-centric approach, and significant impact of Cotties in the market, showcasing their commitment to quality and customer satisfaction.",
            "items": [
               "/portfolio/portfolioPage/cotties.webp",
               "/portfolio/portfolioPage/cotties.webp",
               "/portfolio/portfolioPage/cotties.webp"
            ],
            "transitionDuration": 1000,
            "interval": 1000
         },
         {
            "_id": "sigaren-online",
            "technology": "Prestashop",
            "category": "Prestashop",
            "project": "Sigaren Online",
            "text": "Sigaren Online is a premier online retailer specializing in high-quality cigars and accessories. This case study explores the unique offerings, customer engagement strategies, and the overall experience provided by Sigaren Online, emphasizing their dedication to quality and customer satisfaction.",
            "items": [
               "/portfolio/portfolioPage/sigaren.webp",
               "/portfolio/portfolioPage/sigaren.webp",
               "/portfolio/portfolioPage/sigaren.webp"
            ],
            "transitionDuration": 1000,
            "interval": 1000
         },
         {
            "_id": "todo-pronto",
            "technology": "Prestashop",
            "category": "Prestashop",
            "project": "Todo Pronto",
            "text": "Todo Pronto is an innovative platform designed to streamline the delivery of essential products and services. This case study highlights the efficiency, user-friendly interface, and customer satisfaction achieved through Todo Pronto, showcasing its commitment to enhancing convenience and accessibility for users.",
            "items": [
               "/portfolio/portfolioPage/tdod.webp",
               "/portfolio/portfolioPage/tdod.webp",
               "/portfolio/portfolioPage/tdod.webp"
            ],
            "transitionDuration": 1000,
            "interval": 1000
         },
         {
            "_id": "raymonds-den",
            "technology": "Prestashop",
            "category": "Prestashop",
            "project": "Raymond's Den",
            "text": "Raymond's Den is a premier destination for cigar enthusiasts, offering a curated selection of high-quality cigars and accessories. This case study delves into the unique offerings, customer engagement strategies, and the overall experience provided by Raymond's Den, highlighting their dedication to quality and customer satisfaction.",
            "items": [
               "/portfolio/portfolioPage/raymonds.webp",
               "/portfolio/portfolioPage/raymonds.webp",
               "/portfolio/portfolioPage/raymonds.webp"
            ],
            "transitionDuration": 1000,
            "interval": 1000
         },
         {
            "_id": "aspire-store",
            "technology": "Prestashop",
            "category": "Prestashop",
            "project": "Aspire Store",
            "text": "Aspire Store is a leading online retailer specializing in a wide range of products designed to enhance the shopping experience. This case study explores the innovative features, customer engagement strategies, and the overall satisfaction provided by Aspire Store, emphasizing their commitment to quality and exceptional service.",
            "items": [
               "/portfolio/portfolioPage/aspirestore.webp",
               "/portfolio/portfolioPage/aspirestore.webp",
               "/portfolio/portfolioPage/aspirestore.webp"
            ],
            "transitionDuration": 1000,
            "interval": 1000
         },
         {
            "_id": "nallis-fashion",
            "technology": "OpenCart",
            "category": "OpenCart",
            "project": "Nallis Fashion",
            "text": "Nallis Fashion is a premier online destination for fashion enthusiasts, offering a curated selection of stylish apparel and accessories. This case study highlights the unique offerings, customer engagement strategies, and the overall shopping experience provided by Nallis Fashion, showcasing their dedication to quality and trendsetting designs.",
            "items": [
               "/portfolio/portfolioPage/nallis-fashion.webp",
               "/portfolio/portfolioPage/nallis-fashion.webp",
               "/portfolio/portfolioPage/nallis-fashion.webp"
            ],
            "transitionDuration": 1000,
            "interval": 1000
         },
         {
            "_id": "quintes",
            "technology": "OpenCart",
            "category": "OpenCart",
            "project": "Quintes",
            "text": "Quintes is a leading online platform that specializes in providing high-quality fashion products and accessories. This case study explores Quintes' unique offerings, innovative marketing strategies, and the exceptional shopping experience it delivers, emphasizing its commitment to quality and customer satisfaction.",
            "items": [
               "/portfolio/portfolioPage/quintes.webp",
               "/portfolio/portfolioPage/quintes.webp",
               "/portfolio/portfolioPage/quintes.webp"
            ],
            "transitionDuration": 1000,
            "interval": 1000
         },
         {
            "_id": "diavaria",
            "technology": "Joomla",
            "category": "Joomla",
            "project": "Diavaria",
            "text": "Diavaria is a premier online destination for fashion enthusiasts, offering a curated selection of high-quality fashion products and accessories. This case study highlights Diavaria's unique offerings, innovative marketing strategies, and the exceptional shopping experience it provides, emphasizing its commitment to quality and customer satisfaction.",
            "items": [
               "/portfolio/portfolioPage/divaria.webp",
               "/portfolio/portfolioPage/divaria.webp",
               "/portfolio/portfolioPage/divaria.webp"
            ],
            "transitionDuration": 1000,
            "interval": 1000
         },
         {
            "_id": "admicom",
            "technology": "Joomla",
            "category": "Joomla",
            "project": "Admicom",
            "text": "Admicom is a cutting-edge platform designed to streamline business operations and enhance productivity. This case study showcases Admicom's innovative features, user-friendly interface, and the significant impact it has on improving efficiency and collaboration among teams.",
            "items": [
               "/portfolio/portfolioPage/admicom.webp",
               "/portfolio/portfolioPage/admicom.webp",
               "/portfolio/portfolioPage/admicom.webp"
            ],
            "transitionDuration": 1000,
            "interval": 1000
         },
         {
            "_id": "lsv",
            "technology": "Joomla",
            "category": "Joomla",
            "project": "LSV",
            "text": "LSV is a revolutionary platform that focuses on enhancing the learning experience for students and educators alike. This case study highlights LSV's innovative features, interactive tools, and the positive impact it has on fostering collaboration and engagement in educational settings.",
            "items": [
               "/portfolio/portfolioPage/lsv.webp",
               "/portfolio/portfolioPage/lsv.webp",
               "/portfolio/portfolioPage/lsv.webp"
            ],
            "transitionDuration": 1000,
            "interval": 1000
         },
         {
            "_id": "biggles",
            "technology": "WordPress",
            "category": "WordPress",
            "project": "Biggles",
            "text": "Biggles is a unique platform that offers immersive experiences for outdoor enthusiasts and adventure seekers. This case study explores the development journey, key features, and significant outcomes of Biggles, emphasizing its role in promoting teamwork, enhancing skills, and fostering a love for adventure among participants.",
            "items": [
               "/portfolio/portfolioPage/biggles.webp",
               "/portfolio/portfolioPage/biggles.webp",
               "/portfolio/portfolioPage/biggles.webp"
            ],
            "transitionDuration": 1000,
            "interval": 1000
         },
         {
            "_id": "seeds-here",
            "technology": "WordPress",
            "category": "WordPress",
            "project": "SeedsHere",
            "text": "SeedsHere is an innovative platform designed to revolutionize the agricultural industry. This case study highlights its user-friendly interface, advanced features, and the significant impact it has on enhancing farming practices, improving crop yields, and fostering sustainable agriculture.",
            "items": [
               "/portfolio/portfolioPage/seedsHere/seedHere_1st.webp",
               "/portfolio/portfolioPage/seedsHere/seedHere_2nd.webp",
               "/portfolio/portfolioPage/seedsHere/seedHere_3rd.webp"
            ],
            "transitionDuration": 1000,
            "interval": 1000
         },
         {
            "_id": "vonte",
            "technology": "Shopify",
            "category": "Shopify",
            "project": "Vonte",
            "text": "Vonte is an innovative e-commerce platform designed to redefine the shopping experience for cosmetic products. This case study highlights its user-friendly interface, advanced features, and the significant impact it has on enhancing customer satisfaction, streamlining operations, and promoting beauty and wellness.",
            "items": [
               "/portfolio/portfolioPage/vonte/vonte_1.webp",
               "/portfolio/portfolioPage/vonte/vonte_2.webp",
               "/portfolio/portfolioPage/vonte/vonte_3.webp"
            ],
            "transitionDuration": 1000,
            "interval": 1000
         },
         {
            "_id": "baci",
            "technology": "Shopify",
            "category": "Shopify",
            "project": "Baci",
            "text": "Baci is a sophisticated e-commerce platform tailored to elevate the shopping experience for fancy apparel products. This case study emphasizes its elegant design, seamless navigation, and the significant impact it has on enhancing customer satisfaction, streamlining operations, and promoting a luxurious lifestyle.",
            "items": [
               "/portfolio/portfolioPage/baci/baci_1st.webp",
               "/portfolio/portfolioPage/baci/baci_2nd.webp",
               "/portfolio/portfolioPage/baci/baci_3rd.webp"
            ],
            "transitionDuration": 1000,
            "interval": 1000
         },
         {
            "_id": "little-high",
            "technology": "Shopify",
            "category": "Shopify",
            "project": "Little High",
            "text": "Little High is a premium e-commerce platform designed to redefine the shopping experience for high-end apparel products. This case study highlights its luxurious design, intuitive navigation, and the significant impact it has on enhancing customer satisfaction, streamlining operations, and promoting an exclusive lifestyle.",
            "items": [
               "/portfolio/portfolioPage/littleHigh/littleHigh_1st.png",
               "/portfolio/portfolioPage/littleHigh/littleHigh_2nd.png",
               "/portfolio/portfolioPage/littleHigh/littleHigh_3rd.png"
            ],
            "transitionDuration": 1000,
            "interval": 1000
         },
         {
            "_id": "utilsHub",
            "technology": "NextJS | TailwindCss | NestJS | AWS",
            "category": "React & Node JS",
            "project": "UtilsHub",
            "text": "UtilsHub is a comprehensive platform designed to simplify and enhance utility management for businesses and individuals. This case study explores its innovative features, user-friendly interface, and the significant impact it has on improving efficiency and streamlining operations.",
            "items": [
               "/portfolio/portfolioPage/utilsHub/utils1.webp",
               "/portfolio/portfolioPage/utilsHub/utils2.webp",
               "/portfolio/portfolioPage/utilsHub/utils3.webp"
            ],
            "transitionDuration": 1000,
            "interval": 1000
         },
         {
            "_id": "fast-social-downloader",
            "technology": "NextJS | TailwindCss | Typescript | NestJS  ",
            "category": "React & Node JS",
            "project": "Fast Social Downloader",
            "text": "Fast Social Downloader is an advanced tool designed to simplify downloading content from various social media platforms. This case study highlights its user-friendly interface, innovative features, and the significant impact it has on enhancing user convenience and accessibility.",
            "items": [
               "/portfolio/portfolioPage/fastSocialDownloader/fast_1st.webp",
               "/portfolio/portfolioPage/fastSocialDownloader/fast_2nd.webp",
               "/portfolio/portfolioPage/fastSocialDownloader/fast_3rd.webp"
            ],
            "transitionDuration": 1000,
            "interval": 1000
         },
         {
            "_id": "cycleCraze",
            "technology": "React Native | Firebase | TypeScript",
            "category": "App",
            "project": "CycleCraze",
            "text": "Online Bike Shopping App is an innovative platform designed to simplify the process of purchasing bikes online. This case study highlights its user-friendly interface, advanced search features, and the significant impact it has on enhancing customer satisfaction, streamlining the buying process, and providing a seamless shopping experience.",
            "items": [
               "/portfolio/portfolioPage/cycleCraze/cycleCraze_1st.webp",
               "/portfolio/portfolioPage/cycleCraze/cycleCraze_2nd.webp",
               "/portfolio/portfolioPage/cycleCraze/cycleCraze_3rd.webp"
            ],
            "transitionDuration": 1000,
            "interval": 1000
         },
         {
            "_id": "home-decore",
            "technology": "React Native | Firebase | TypeScript",
            "category": "App",
            "project": "Home Decore",
            "text": "Home Decore is an innovative platform designed to transform living spaces with style and functionality. This case study highlights its user-friendly interface, creative design options, and the significant impact it has on enhancing home aesthetics, improving convenience, and providing a seamless shopping experience.",
            "items": [
               "/portfolio/portfolioPage/homeDecore/homeDecore_1st.webp",
               "/portfolio/portfolioPage/homeDecore/homeDecore_2nd.webp",
               "/portfolio/portfolioPage/homeDecore/homeDecore_3rd.webp"
            ],
            "transitionDuration": 1000,
            "interval": 1000
         },
         {
            "_id": "rented-cloth",
            "technology": "Flutter | Supabase | Dart | Stripe | Machine Learning",
            "category": "App",
            "project": "Rented Cloth ",
            "text": " Rented Cloth is an innovative platform designed to provide a seamless experience for renting clothes for various occasions. This case study highlights its user-friendly interface, diverse collection, and the significant impact it has on promoting sustainable fashion, enhancing convenience, and reducing wardrobe costs.",
            "items": [
               "/portfolio/portfolioPage/onlineClothStore/clothStore_1.webp",
               "/portfolio/portfolioPage/onlineClothStore/clothStore_2.webp",
               "/portfolio/portfolioPage/onlineClothStore/clothStore_3.webp"
            ],
            "transitionDuration": 1000,
            "interval": 1000
         },
         {
            "_id": "pet-shop",
            "technology": "React | Firebase | Node.js | MongoDB",
            "category": "App",
            "project": "Pet Shop",
            "text": "Pet Shop is an innovative platform designed to cater to the needs of pet owners and businesses. This case study highlights its user-friendly interface, comprehensive features, and the significant impact it has on enhancing pet care, streamlining operations, and fostering a community of pet enthusiasts.",
            "items": [
               "/portfolio/portfolioPage/petShop/petShope1st.webp",
               "/portfolio/portfolioPage/petShop/petShop_2nd.webp",
               "/portfolio/portfolioPage/petShop/petShop_3rd.webp"
            ],
            "transitionDuration": 1000,
            "interval": 1000
         },
         {
            "_id": "cyber-ai",
            "technology": "Python | TensorFlow | React | AWS ",
            "category": "App",
            "project": "CyberAi",
            "text": "Cyber AI is an innovative platform that empowers users to create their personalized AI assistants. This case study highlights its user-friendly interface, advanced customization options, and the significant impact it has on enhancing productivity, streamlining tasks, and providing a seamless AI-driven experience.",
            "items": [
               "/portfolio/portfolioPage/cyberAi/cyber-ai_1.webp",
               "/portfolio/portfolioPage/cyberAi/cyber-ai_2.webp",
               "/portfolio/portfolioPage/cyberAi/cyber-ai_3.webp"
            ],
            "transitionDuration": 1000,
            "interval": 1000
         },
         {
            "_id": "stylus-marketing",
            "technology": "HTML5 | CSS3 | JavaScript | GSAP | Webflow | Figma",
            "category": "React & Node JS",
            "project": "Stylus Marketing",
            "text": "Stylus Marketing’s landing page embraces a bold dark theme with striking orange accents, creating a sleek and modern aesthetic for a creative and SEO agency. The layout prioritizes clean typography, impactful imagery in grayscale, and smooth interactions that guide the visitor through the agency’s services—including web development, SEO, social media marketing, and Google Ads management. With dynamic service cards, strong CTAs, testimonials, and a curated blog section, the page is tailored for high engagement and lead conversion, all while reinforcing the agency’s premium branding.",
            "items": [
               "/portfolio/portfolioPage/stylusmarketing/stylusmarketing01.webp",
               "/portfolio/portfolioPage/stylusmarketing/stylusmarketing02.webp",
               "/portfolio/portfolioPage/stylusmarketing/stylusmarketing03.webp"
            ],
            "transitionDuration": 1000,
            "interval": 1000
         },
         {
            "_id": "workout-app",
            "technology": "Flutter | Firebase | PostgreSQL | GraphQL",
            "category": "App",
            "project": "Workout App",
            "text": "Workout App is an innovative platform designed to help users achieve their fitness goals. This case study highlights its user-friendly interface, personalized workout plans, and the significant impact it has on improving health, enhancing motivation, and fostering a community of fitness enthusiasts.",
            "items": [
               "/portfolio/portfolioPage/workoutApp/workOut_1st.webp",
               "/portfolio/portfolioPage/workoutApp/workOut_2nd.webp",
               "/portfolio/portfolioPage/workoutApp/workOut_3rd.webp"
            ],
            "transitionDuration": 1000,
            "interval": 1000
         },
         {
            "_id": "elan-beauty",
            "technology": "React Native | AWS | Redis | Elasticsearch",
            "category": "App",
            "project": "Elan Beauty ",
            "text": "Elan Beauty is a revolutionary platform designed to redefine beauty and self-care. This case study highlights its user-friendly interface, personalized beauty solutions, and the significant impact it has on enhancing confidence, promoting wellness, and fostering a community of beauty enthusiasts.",
            "items": [
               "/portfolio/portfolioPage/elanBeauty/elanBeauty_1st.webp",
               "/portfolio/portfolioPage/elanBeauty/elanBeauty_2nd.webp",
               "/portfolio/portfolioPage/elanBeauty/elanBeauty_3rd.webp"
            ],
            "transitionDuration": 1000,
            "interval": 1000
         },
         {
            "_id": "coffee-shop",
            "technology": "React Native | AWS | Redis | Elasticsearch",
            "category": "App",
            "project": "Coffee Shop",
            "text": "Coffee Shop is an innovative platform designed to enhance the coffee experience for users and businesses. This case study highlights its user-friendly interface, advanced features, and the significant impact it has on improving customer satisfaction, streamlining operations, and fostering a community of coffee enthusiasts.",
            "items": [
               "/portfolio/portfolioPage/cofeeShop/coffeeShop_1st.webp",
               "/portfolio/portfolioPage/cofeeShop/coffeeShop_2nd.webp",
               "/portfolio/portfolioPage/cofeeShop/coffeeShop_3rd.webp"
            ],
            "transitionDuration": 1000,
            "interval": 1000
         },
         {
            "_id": "banking-app",
            "technology": "React Native | AWS | PostgreSQL | BiometricAuth",
            "category": "App",
            "project": "Banking App",
            "text": "Banking App is an innovative platform designed to revolutionize the way users manage their finances. This case study highlights its user-friendly interface, advanced security features, and the significant impact it has on enhancing financial management, improving accessibility, and fostering trust among users.",
            "items": [
               "/portfolio/portfolioPage/bankingApp/bankingApp_1st.webp",
               "/portfolio/portfolioPage/bankingApp/bankingApp_2nd.webp",
               "/portfolio/portfolioPage/bankingApp/bankingApp_3rd.webp"
            ],
            "transitionDuration": 1000,
            "interval": 1000
         },
         {
            "_id": "hyper-mart",
            "technology": "React Native | AWS | Redis | Elasticsearch",
            "category": "App",
            "project": "Hyper Mart",
            "text": "Hyper Mart is an advanced e-commerce platform designed to simplify online shopping for users and businesses. This case study highlights its intuitive interface, robust features, and the significant impact it has on enhancing customer satisfaction, streamlining operations, and driving sales growth.",
            "items": [
               "/portfolio/portfolioPage/hyperMart/hyperMart_1st.webp",
               "/portfolio/portfolioPage/hyperMart/hyperMart_2nd.webp",
               "/portfolio/portfolioPage/hyperMart/hyperMart_3rd.webp"
            ],
            "transitionDuration": 1000,
            "interval": 1000
         },
         {
            "_id": "marketing-agency",
            "technology": "NextJS | TailwindCss | Typescript ",
            "category": "React & Node JS",
            "project": "Marketing Agency",
            "text": "Marketing Agency is a cutting-edge platform designed to revolutionize the way businesses approach marketing strategies. This case study highlights its innovative tools, user-friendly interface, and the significant impact it has on enhancing brand visibility, driving customer engagement, and achieving measurable results.",
            "items": [
               "/portfolio/portfolioPage/marketingAgency/marketingAgency_1st.webp",
               "/portfolio/portfolioPage/marketingAgency/marketingAgency_2nd.webp",
               "/portfolio/portfolioPage/marketingAgency/marketingAgency_3rd.webp"
            ],
            "transitionDuration": 1000,
            "interval": 1000
         },
         {
            "_id": "canyon-crest-chiropractic",
            "technology": "WordPress | PHP | MySQL | jQuery | Apache | Cloudflare",
            "category": "WordPress",
            "project": "Canyon Crest Chiropractic Clinic",
            "text": "Canyon Crest Chiropractic Clinic, led by Dr. Arthur F. Hurtado, D.C., has been providing expert chiropractic adjustments in Riverside for over 20 years. The clinic specializes in treating auto accident injuries and promotes wellness through services like chiropractic adjustments, corrective exercises, massage therapy, and physical rehabilitation. Their website, built with WordPress and powered by PHP and MySQL, offers new patient resources, appointment scheduling, service overviews, and direct contact options. The solution leverages performance and security tools like Cloudflare, with an accessible, responsive design to serve local communities effectively.",
            "items": [
               "/portfolio/portfolioPage/canyon_crest/canyon_crest_1.webp",
               "/portfolio/portfolioPage/canyon_crest/canyon_crest_2.webp",
               "/portfolio/portfolioPage/canyon_crest/canyon_crest_3.webp"
            ],
            "transitionDuration": 1000,
            "interval": 1000
         },
         {
            "_id": "cooperstown-distillery",
            "technology": "WordPress | PHP | MySQL | jQuery | Apache | Cloudflare",
            "category": "WordPress",
            "project": "Cooperstown Distillery",
            "text": "Cooperstown Distillery is a premier artisanal spirits producer located in the heart of Cooperstown, New York. As the only distillery in Otsego County, it blends heritage and craftsmanship using New York State grains to produce award-winning whiskey, bourbon, vodka, and gin. The website showcases their grain-to-bottle process, tasting room experiences, and award-winning product lineup, while offering e-commerce functionality for purchasing spirits and merchandise. Built on WordPress and powered by PHP and MySQL, the site incorporates interactive features with jQuery and is optimized for performance and security using Apache servers and Cloudflare CDN. It serves both as an informational portal and a vibrant digital storefront.",
            "items": [
               "/portfolio/portfolioPage/cooperstown/cooperstown_1.webp",
               "/portfolio/portfolioPage/cooperstown/cooperstown_2.webp",
               "/portfolio/portfolioPage/cooperstown/cooperstown_3.webp"
            ],
            "transitionDuration": 1000,
            "interval": 1000
         },
         {
            "_id": "aj-gate-operators",
            "technology": "Laravel | MySQL | Vue.js | Tailwind CSS | Docker",
            "category": "Laravel",
            "project": "A&J Gate Operators",
            "text": "A&J Gate Operators offers expert commercial and residential gate opener repair and installation services in Houston, TX. They prioritize customer satisfaction by using only top-quality materials and modern tools to craft gates and fences tailored to clients’ specific needs. Whether it's a sliding gate, swing gate, or a full fence installation, A&J provides customized solutions that enhance both aesthetics and security. Their team is also equipped to handle all gate repair and restoration work, ensuring long-lasting durability and performance for each installation. The digital platform built for A&J allows users to request quotes, schedule services, and explore gate styles online, making their service experience seamless and efficient.",
            "items": [
               "/portfolio/portfolioPage/aj-gate-operators/aj-gate-operators_1.webp",
               "/portfolio/portfolioPage/aj-gate-operators/aj-gate-operators_2.webp",
               "/portfolio/portfolioPage/aj-gate-operators/aj-gate-operators_3.webp"
            ],
            "transitionDuration": 1000,
            "interval": 1000
         },
         {
            "_id": "kratom-bloom",
            "technology": "Shopify | HTML | CSS | JavaScript | SEO",
            "category": "Shopify",
            "project": "Kratom Bloom",
            "text": "Kratom Bloom is a trusted online kratom vendor known for providing high-quality, consistent products and exceptional customer service. Their offerings include kratom powders, extracts, and capsules tailored to meet a wide range of customer needs. Dedicated to superior quality, they frequently roll out exciting deals and even offer free samples of any two strains for customers to try. Kratom Bloom’s commitment to customer satisfaction has built a loyal, happy customer base, making them a leading name in the kratom industry.",
            "items": [
               "/portfolio/portfolioPage/kratom/kratom_01.jpg",
               "/portfolio/portfolioPage/kratom/kratom_02.jpg",
               "/portfolio/portfolioPage/kratom/kratom_03.jpg"
            ],
            "transitionDuration": 1000,
            "interval": 1000
         },
         {
            "_id": "boxcar-auto-platform",
            "technology": "React.js | Next.js | Tailwind CSS | Node.js | MongoDB",
            "category": "React & Node JS",
            "project": "BoxCar Auto Platform",
            "text": "BoxCar is a comprehensive online platform designed to help users find, explore, and purchase their perfect car with ease. The platform features premium brands like Audi, BMW, Ford, and more, alongside a wide variety of used and new vehicles with detailed specifications and transparent pricing. BoxCar offers intuitive filters, customer reviews, blog content, and a smooth selling process for users looking to trade in their vehicles. With a modern and responsive design, BoxCar ensures a seamless browsing experience across all devices.",
            "items": [
               "/portfolio/portfolioPage/boxcar/boxcar_01.webp",
               "/portfolio/portfolioPage/boxcar/boxcar_02.webp",
               "/portfolio/portfolioPage/boxcar/boxcar_03.webp"
            ],
            "transitionDuration": 1000,
            "interval": 1000
         },
         {
            "_id": "luxedrive",
            "technology": "Next.js | React.js | Tailwind CSS | TypeScript | MongoDB",
            "category": "React & Node JS",
            "project": "LuxeDrive Car Rental Service",
            "text": "LuxeDrive offers a premium car rental experience with a sleek and modern interface, allowing users to rent high-end vehicles with ease. Featuring top brands like Audi, BMW, Porsche, and Mercedes-Benz, the platform caters to a variety of preferences including SUV, sedan, convertible, and off-road models. LuxeDrive ensures a seamless rental journey from browsing and booking to pickup, with transparent pricing and flexible rental terms. The site also features user testimonials, a breakdown of services and benefits, and a mobile app for on-the-go reservations.",
            "items": [
               "/portfolio/portfolioPage/luxeDrive/luxeDrive_01.webp",
               "/portfolio/portfolioPage/luxeDrive/luxeDrive_02.webp",
               "/portfolio/portfolioPage/luxeDrive/luxeDrive_03.webp"
            ],
            "transitionDuration": 1000,
            "interval": 1000
         },
         {
            "_id": "hypertech-electric-vehicle",
            "technology": "Next.js | React.js | Tailwind CSS | TypeScript | Framer Motion",
            "category": "React & Node JS",
            "project": "HyperTech Electric Vehicle Showcase",
            "text": "HyperTech EV is a sleek, high-impact landing page designed to showcase the revolutionary Air X electric vehicle. The site combines modern aesthetics with clean animations and responsive design to emphasize cutting-edge features such as 1200+ horsepower, a 516-mile range, and sub-2-second acceleration. It highlights performance metrics, elegant interior photography, and futuristic design concepts. With full-screen visuals, call-to-action buttons, and a compelling layout, this site delivers a premium user experience aimed at both car enthusiasts and potential buyers.",
            "items": [
               "/portfolio/portfolioPage/ev/ev_01.webp",
               "/portfolio/portfolioPage/ev/ev_02.webp",
               "/portfolio/portfolioPage/ev/ev_03.webp"
            ],
            "transitionDuration": 1000,
            "interval": 1000
         },
         {
            "_id": "plantyx-houseplant-store",
            "technology": "Next.js | React.js | Tailwind CSS | TypeScript | Framer Motion",
            "category": "React & Node JS",
            "project": "PlantyX Houseplant E-Commerce Website",
            "text": "PlantyX is a modern and elegant e-commerce website tailored for selling premium indoor plants. The site features clean typography, minimalist product cards, and a serene design language that mirrors the tranquility of nature. It offers a smooth shopping experience with sections for best sellers, customer reviews, plant care steps, and Instagram inspiration. The layout is highly responsive and user-friendly, making it easy to browse plant varieties and complete purchases. With subtle animations and a strong focus on visuals, PlantyX builds trust and inspires plant lovers to shop with confidence.",
            "items": [
               "/portfolio/portfolioPage/plantyx/plantyx01.webp",
               "/portfolio/portfolioPage/plantyx/plantyx02.webp",
               "/portfolio/portfolioPage/plantyx/plantyx03.webp"
            ],
            "transitionDuration": 1000,
            "interval": 1000
         },
         {
            "_id": "foodzy-organic",
            "technology": "HTML5 | CSS3 | JavaScript | Bootstrap | jQuery | Owl Carousel",
            "category": "React & Node JS",
            "project": "Foodzy Organic",
            "text": "Foodzy is a modern and vibrant e-commerce website designed for organic food and grocery shopping. It features an engaging homepage with bold visuals, animated product carousels, and discount banners. The layout includes product categories such as fruits, vegetables, bakery, snacks, and beverages, all displayed in clean, grid-based cards. Key sections like popular products, limited-time deals, and customer testimonials enrich the shopping experience. The site is highly responsive and visually appealing, making it easy for users to browse and purchase healthy food items online with confidence and ease.",
            "items": [
               "/portfolio/portfolioPage/foodzy/foodzy01.webp",
               "/portfolio/portfolioPage/foodzy/foodzy02.webp",
               "/portfolio/portfolioPage/foodzy/foodzy03.webp"
            ],
            "transitionDuration": 1000,
            "interval": 1000
         },
         {
            "_id": "tech-yes-solutions",
            "technology": "HTML5 | CSS3 | JavaScript | Bootstrap | GSAP | Figma",
            "category": "React & Node JS",
            "project": "Tech Yes! Solutions",
            "text": "Tech Yes! Solutions is a sleek, futuristic corporate website designed for a technology consulting firm. It features a bold and immersive dark-mode interface with glowing neon accents, animated transitions, and strategically placed call-to-actions. The site presents a comprehensive overview of services including system strategy, custom software, integration services, and automation. Structured around sections like 'Who We Are', 'Our Services', 'Process', and 'Testimonials', the layout effectively guides users through the company’s value proposition. The design is tailored for tech-savvy audiences and includes a modern contact form, trust-building testimonials, and a conversion-focused footer.",
            "items": [
               "/portfolio/portfolioPage/techYes/techYes01.webp",
               "/portfolio/portfolioPage/techYes/techYes02.webp",
               "/portfolio/portfolioPage/techYes/techYes03.webp"
            ],
            "transitionDuration": 1000,
            "interval": 1000
         },
         {
            "_id": "growfy-marketing-solutions",
            "technology": "HTML5 | CSS3 | JavaScript | Webflow | GSAP | Figma",
            "category": "React & Node JS",
            "project": "Growfy Marketing Solutions",
            "text": "Growfy is a vibrant and modern landing page designed for a digital marketing agency focused on business growth. It features a playful and friendly aesthetic with rounded shapes, dynamic imagery, and clean typography on a dark background. The layout is crafted to guide users through the agency’s service offerings—such as social media marketing, paid advertising, and SEO—alongside trust signals like client logos, testimonials, and success metrics. With additional sections for blog articles, client quotes, and conversion CTAs, the page effectively combines brand personality with business credibility to drive engagement.",
            "items": [
               "/portfolio/portfolioPage/growfy/growfy01.webp",
               "/portfolio/portfolioPage/growfy/growfy02.webp",
               "/portfolio/portfolioPage/growfy/growfy03.webp"
            ],
            "transitionDuration": 1000,
            "interval": 1000
         }
      ],
      "footerText": "Like Our Creative Works?",
      "btnText": " Start a Project",
      "icon": "vaadin:line-h"
   },

   "trustedSection": {
      "title": "Trusted By",
      "text": "We have strong relationships with our clients, based on quality services,innovative solutions, and unwavering support.",

      "trustedCardData": [
         {
            "_id": 1,
            "lineOne": [
               {
                  "_id": 1,
                  "logo": "/logos/akaunting1.png",
                  "width": 164,
                  "height": 46,
                  "mobileWidth": 82,
                  "mobileHeight": 22
               },
               {
                  "_id": 2,
                  "logo": "/logos/next2know1.png",
                  "width": 142,
                  "height": 32,
                  "mobileWidth": 72,
                  "mobileHeight": 17
               },
               {
                  "_id": 3,
                  "logo": "/logos/image5.png",
                  "width": 142,
                  "height": 26,
                  "mobileWidth": 72,
                  "mobileHeight": 13
               },
               {
                  "_id": 4,
                  "logo": "/logos/image6.png",
                  "width": 118,
                  "height": 35,
                  "mobileWidth": 59,
                  "mobileHeight": 17
               },
               {
                  "_id": 5,
                  "logo": "/logos/image7.png",
                  "width": 102,
                  "height": 51,
                  "mobileWidth": 52,
                  "mobileHeight": 26
               },
               {
                  "_id": 6,
                  "logo": "/logos/image8.png",
                  "width": 114,
                  "height": 37,
                  "mobileWidth": 72,
                  "mobileHeight": 17
               },
               {
                  "_id": 7,
                  "logo": "/logos/page1.png",
                  "width": 155,
                  "height": 35,
                  "mobileWidth": 77,
                  "mobileHeight": 17
               }
            ]
         },
         {
            "_id": 2,
            "lineTwo": [
               {
                  "_id": 8,
                  "logo": "/logos/image9.png",
                  "width": 110,
                  "height": 37,
                  "mobileWidth": 55,
                  "mobileHeight": 18
               },
               {
                  "_id": 9,
                  "logo": "/logos/image11.svg",
                  "width": 64,
                  "height": 30,
                  "mobileWidth": 35,
                  "mobileHeight": 15
               },
               {
                  "_id": 10,
                  "logo": "/logos/image10.png",
                  "width": 160,
                  "height": 30,
                  "mobileWidth": 80,
                  "mobileHeight": 15
               },
               {
                  "_id": 11,
                  "logo": "/logos/image12.png",
                  "width": 81,
                  "height": 30,
                  "mobileWidth": 40,
                  "mobileHeight": 15
               },
               {
                  "_id": 12,
                  "logo": "/logos/image13.png",
                  "width": 147,
                  "height": 22,
                  "mobileWidth": 75,
                  "mobileHeight": 11
               },
               {
                  "_id": 13,
                  "logo": "/logos/image14.png",
                  "width": 127,
                  "height": 30,
                  "mobileWidth": 63,
                  "mobileHeight": 15
               },
               {
                  "_id": 14,
                  "logo": "/logos/image15.png",
                  "width": 118,
                  "height": 20,
                  "mobileWidth": 59,
                  "mobileHeight": 10
               }
            ]
         }
      ]
   },
   "skillSection": {
      "title": "Advanced Skills in Industry-Standard Technologies",
      "text": "ByteScrum provides innovative, affordable, and high-quality      IT solutions, empowering thriving businesses for sustained      success in the modern market.",
      "skillData": [
         {
            "_id": 1,
            "transitionDuration": 1000,
            "interval": 1000,
            "items": [
               "/skill/html5.svg",
               "/skill/css.svg",
               "/skill/css.svg",
               "/skill/javascript.svg"
            ]
         },
         {
            "_id": 2,
            "transitionDuration": 1000,
            "interval": 1000,
            "items": [
               "/skill/nextjs_3.svg",
               "/skill/react_2.svg",
               "/skill/tailwind.svg",
               "/skill/typscript.svg"
            ]
         },
         {
            "_id": 3,
            "transitionDuration": 1000,
            "interval": 1000,
            "items": [
               "/skill/reactNative.svg",
               "/skill/angular.svg",
               "/skill/php.svg",
               "/skill/wordpress.svg"
            ]
         },
         {
            "_id": 4,
            "transitionDuration": 1000,
            "interval": 1000,
            "items": [
               "/skill/mongodb_3.svg",
               "/skill/nestjs_2.svg",
               "/skill/aws.svg",
               "/skill/mysql.svg"
            ]
         },
         {
            "_id": 5,
            "transitionDuration": 1000,
            "interval": 1000,
            "items": [
               "/skill/express.svg ",
               "/skill/flutter.svg",
               "/skill/shopify.svg",
               "/skill/docker.svg"
            ]
         },
         {
            "_id": 6,
            "transitionDuration": 1000,
            "interval": 1000,
            "items": [
               "/skill/sanity.svg",
               "/skill/fairbase.svg",
               "/skill/opencart.svg"
            ]
         },
         {
            "_id": 7,
            "transitionDuration": 1000,
            "interval": 1000,
            "items": [
               "/skill/python.svg",
               "/skill/ionic.svg",
               "/skill/postgreSql.svg"
            ]
         },
         {
            "_id": 8,
            "transitionDuration": 1000,
            "interval": 1000,
            "items": [
               "/skill/prestashop_2.svg",
               "/skill/blockchain_2.svg",
               "/skill/laravel.svg"
            ]
         }
      ]
   },
   "clientSection": {
      "titleOne": {
         "textOne": "Customer",
         "textTwo": "Voices: "
      },
      "titleTwo": {
         "textOne": "Hear What",
         "textTwo": "They Say!"
      },
      "clientData": {
         "profileOne": {
            "name": "Stephenie Zamora",
            "profile": "/testimonial/stephenie.webp",
            "clientPosition": "Founder SZ media",
            "text": "“Sanjay and his team are incredible at all that they do, and I trustthem immensely. I've personally used him for developing custom WordPress websites and have been thoroughly impressed with his ability to take our designs and make them functional, beautiful, pixel perfect, and fully responsive. He's worked on custom themes, Divi, and Thrive Themes with ease, and he's troubleshooted many hosting, theme, and plugin issues quickly and with great care. After working closely for several years, and I highly recommend Sanjay and his team for all your website needs, and we're so grateful for all his incredible work!”"
         },
         "profileTwo": {
            "name": "Jamie DuBose",
            "profile": "/testimonial/jamie.webp",
            "clientPosition": "CEO at Zenplicity",
            "text": "“Sanjay has been helping me with client web development over the last couple of years. His work is efficient and his communication is very timely. He has a deep understanding of the software and plugins that we use, and he is always willing to do what's needed in order to find a solution that fits our project objectives. Thank you, Sanjay for all that you do to support me, my team and my clients!”"
         },
         "profileThree": {
            "name": "Alexander Londoöo Valencia",
            "profile": "/testimonial/Alexander.webp",
            "clientPosition": "TecDiSol",
            "text": "“Our company has worked with ByteScrum Technologies for 7 years. Our partnership has continued because of their quality of service, abilities with different tech, and reliability. We will continue to work with them, and we recommend them.”"
         },
         "profileFour": {
            "name": "Morten Madsen",
            "profile": "/testimonial/morten.webp",
            "clientPosition": "Cordly",
            "text": "“I can only recommend ByteScrum and its team. Always helpful and get the tasks solved fast with quality in mind. 5/5 recommendations from here! I'm using them for my development and will continue to do so.”"
         },
         "profileFive": {
            "name": "Raghav Malhotra",
            "profile": "/testimonial/userFive.png",
            "clientPosition": "Cordly",
            "text": "“He's troubleshooted many hosting, theme, and plugin issues quickly and with great care. After working closely for several years, and I highly recommend Sanjay and his team for all your website needs, and we're so grateful for all his incredible work!”"
         },
         "profileSix": {
            "name": "Raghav Malhotra",
            "profile": "/testimonial/userSix.png",
            "clientPosition": "Founder of SZ Media",
            "text": "“Sanjay and his team are incredible at all that they do, and I trust them immensely.  I highly recommend Sanjay and his team for all your website needs, and we're so grateful for all his incredible work!”"
         },
         "profileSeven": {
            "name": "Raghav Malhotra",
            "profile": "/testimonial/userSeven.png",
            "clientPosition": "Founder of SZ Media",
            "text": "“For several years, and I highly recommend Sanjay and his team for all your website needs, and we're so grateful for all his incredible work!”"
         }
      }
   },

   "blogSection": {
      "title": {
         "textOne": "Read",
         "textTwo": "Latest",
         "textThree": "News"
      },
      "btnText": "View All Post",
      "icon": "solar:arrow-right-up-linear",
      "href": "https://blog.bytescrum.com/",
      "blogs": [
         {
            "_Id": "1",
            "src": "/blog/35.png",
            "title": "Top 35+ VS Code Extensions Developers Can’t Live Without [2025 Edition]",
            "text": "Unlock the Full Power of VS Code with These Essential Tools for Developers",
            "date": "May 27, 2025",
            "readTime": "14",
            "path": "https://blog.bytescrum.com/top-35-vs-code-extensions-developers-cant-live-without-2025-edition"
         },
         {
            "_Id": "2",
            "src": "/blog/bunJS.png",
            "title": "Bun JS: The Blazing-Fast Node.js Alternative You Need to Try in 2025",
            "text": "Power, Speed, and Simplicity—Revolutionize Your JavaScript Workflow Today!",
            "date": "May 29, 2025",
            "readTime": "6",
            "path": "https://blog.bytescrum.com/bun-js-the-blazing-fast-nodejs-alternative-you-need-to-try-in-2025"
         },
         {
            "_Id": "3",
            "src": "/blog/convert.png",
            "title": "How to Convert a Next.js App to a Progressive Web App (PWA) – App Router + TypeScript",
            "text": "Turn your modern Next.js app into a fast, installable, offline-capable experience using built-in tools and TypeScript.",
            "date": "May 21, 2025",
            "readTime": "4",
            "path": "https://blog.bytescrum.com/how-to-convert-a-nextjs-app-to-a-progressive-web-app-pwa-app-router-typescript"
         },
         {
            "_Id": "4",
            "src": "/blog/slowApi.png",
            "title": "SlowAPI: Secure Your FastAPI App with Rate Limiting",
            "text": "Protect Your API from Abuse, Improve Performance, and Ensure Fair Usage",
            "date": "May 12, 2025",
            "readTime": "4",
            "path": "https://blog.bytescrum.com/slowapi-secure-your-fastapi-app-with-rate-limiting"
         },
         {
            "_Id": "5",
            "src": "/blog/fullStackDevelopment-roadMap.jpeg",
            "title": "Mastering Full Stack Development: A Beginner's Roadmap to Success ( 2025 )",
            "text": "Learn the Essenl Skills and Tools to Become a Successful Full Stack Developer in 2025",
            "date": "May 14, 2025",
            "readTime": "12",
            "path": "https://blog.bytescrum.com/mastering-full-stack-development-a-beginners-roadmap-to-success-2025"
         },
         {
            "_Id": "6",
            "src": "/blog/nextjs.jpeg",
            "title": "Authorization Bypass in Next.js Middleware: How to Secure Your Application",
            "text": "🚨 Is Your Next.js Middleware Secure? Here’s Why You Should Double-Check!",
            "date": "May 25, 2025",
            "readTime": "5",
            "path": "https://blog.bytescrum.com/authorization-bypass-in-nextjs-middleware-how-to-secure-your-application"
         }
      ]
   },
   "connectSection": {
      "title": "Tech Your Business Further",
      "text": "Elevate your business to new heights with our innovative solutions. We are dedicated to providing exceptional service and support, ensuring your success in the digital landscape.",
      "href": "contact-us",
      "btnText": "Let’s Connect us"
   },
   "footer": {
      "logo": "/bytes_Logo_3.svg",
      "contact": [
         {
            "_id": 1,
            "title": "Address:",
            "textOne": "B-50 2nd Floor, Vibhuti Khand,",
            "textTwo": "Gomti Nagar LKO 226010, IN"
         },
         {
            "_id": 2,
            "title": " Phone:",
            "textOne": "+1 (270) 601-4311",
            "textTwo": "+91 7607815580"
         },
         {
            "_id": 3,
            "title": " Mail Id:",
            "textOne": "info@bytescrum.com",
            "textTwo": "support@bytescrum.com"
         }
      ],
      "follow": {
         "title": "Follow US",
         "icon": [
            {
               "_id": 1,
               "icon": "pajamas:twitter",
               "href": "https://twitter.com/bytescrum"
            },
            {
               "_id": 2,
               "icon": "ri:facebook-fill",
               "href": "https://www.facebook.com/bytescrum"
            },
            {
               "_id": 3,
               "icon": "mdi:instagram",
               "href": "https://www.instagram.com/bytescrum/"
            },
            {
               "_id": 4,
               "icon": "ri:linkedin-fill",
               "href": "https://www.linkedin.com/company/bytescrum/mycompany/"
            }
         ]
      },
      "subscribe": {
         "title": "Subscribe to Our Newsletter",
         "placeHolder": "Enter Your Email",
         "btnText": "Subscribe"
      },
      "links": {
         "plusIcon": "ic:baseline-plus",
         "minusIcon": "ic:baseline-minus",
         "footerLinks": [
            {
               "_id": "1",
               "title": "Our Services",
               "servicesLinks": [
                  {
                     "href": "/laravel-web-development",
                     "title": "Laravel Development"
                  },
                  {
                     "href": "/python-development",
                     "title": "Python Development"
                  },
                  {
                     "href": "/block-chain-development",
                     "title": "Blockchain Development"
                  },
                  {
                     "href": "/web-development",
                     "title": "Web Development"
                  },
                  {
                     "href": "/ecommerce-development",
                     "title": "E-Commerce Development"
                  },
                  {
                     "href": "/mobile-app-development",
                     "title": "Mobile App Development"
                  },
                  {
                     "href": "/recover-hacked-website",
                     "title": "Recover Hacked Development"
                  },
                  {
                     "href": "/custom-software-development",
                     "title": "Custom Software Development"
                  },
                  {
                     "href": "/digital-marketing",
                     "title": "Digital Marketing"
                  }
               ]
            },
            {
               "_id": "2",
               "title": "Hire Developers",
               "servicesLinks": [
                  {
                     "href": "/full-stack-developer",
                     "title": "Full Stack Developer"
                  },
                  {
                     "href": "/ui-ux-designer",
                     "title": "UI/UX Designer"
                  },
                  {
                     "href": "/laravel-developer",
                     "title": "Laravel Developer"
                  },
                  {
                     "href": "/php-developer",
                     "title": "PHP Developer"
                  },
                  {
                     "href": "/shopify-developer",
                     "title": "Shopify Developer"
                  }
               ]
            },
            {
               "_id": "3",
               "title": "Explore",
               "servicesLinks": [
                  {
                     "href": "https://blog.bytescrum.com/",
                     "title": "Blog"
                  },
                  {
                     "href": "/portfolio",
                     "title": "Portfolio"
                  },
                  {
                     "href": "/about-us",
                     "title": "About Us"
                  },
                  {
                     "href": "/contact-us",
                     "title": "Contact Us"
                  },
                  {
                     "href": "/careers",
                     "title": "Join Our Team"
                  }
               ]
            }
         ],
         "techLogos": [
            {
               "_Id": 1,
               "href": "#",
               "src": "/footer/Shopify-Experts.svg",
               "width": "177",
               "height": "30"
            },
            {
               "_Id": 2,
               "href": "#",
               "src": "/footer/Vector.svg",
               "width": "57",
               "height": "30"
            },
            {
               "_Id": 3,
               "href": "#",
               "src": "/footer/Meta.svg",
               "width": "77",
               "height": "30"
            },
            {
               "_Id": 4,
               "href": "#",
               "src": "/footer/Google-Shopping.svg",
               "width": "77",
               "height": "30"
            },
            {
               "_Id": 5,
               "href": "#",
               "src": "/footer/Ebay_.svg",
               "width": "78",
               "height": "30"
            }
         ]
      },
      "copyright": {
         "text": " © bytescrum 2024 — All Rights Reserved.",
         "links": [
            {
               "_id": 1,
               "href": "/faqs",
               "title": "FAQ’s"
            },
            {
               "_id": 2,
               "href": "/privacy-policy",
               "title": "Privacy Policy"
            },
            {
               "_id": 3,
               "href": "/terms-conditions",
               "title": "Terms & Conditions"
            }
         ]
      }
   }
}
