{
   "service": {
      "pageTitle": "Our Service",
      "links": ["Home", "Our-Service"],
      "title": " What we offer",
      "text": "As a leading IT company, ByteScrum rovides personalized solutions that help clients stay competitive in the modern business market.",
      "cardData": [
         {
            "_id": 1,
            "icon": "/mobileDev.svg",
            "titleOne": "Mobile App",
            "titleTwo": " Development",
            "text": "Transform your ideas into reality with our mobile app development services, tailored to meet your business needs.",
            "href": "/mobile-app-development"
         },
         {
            "_id": 2,
            "icon": "/blockDev.svg",
            "titleOne": "Blockchain",
            "titleTwo": " Development",
            "text": "Leverage the power of blockchain technology to enhance security and transparency in your business operations.",
            "href": "/block-chain-development"
         },
         {
            "_id": 3,
            "icon": "/customSoft.svg",
            "titleOne": "Custom",
            "titleTwo": " Software Solution",
            "text": "Get bespoke software solutions designed specifically for your unique business challenges and goals.",
            "href": "/custom-software-development"
         },
         {
            "_id": 4,
            "icon": "/service/serviceWebDev.svg",
            "titleOne": "Web",
            "titleTwo": " Development",
            "text": "Create stunning and responsive websites that engage users and drive conversions with our web development services.",
            "href": "/web-development"
         },
         {
            "_id": 5,
            "icon": "/service/ecommerceDev.svg",
            "titleOne": "E-commerce",
            "titleTwo": "Development",
            "text": "Build a powerful e-commerce platform that enhances customer experience and boosts your online sales.",
            "href": "/ecommerce-development"
         },
         {
            "_id": 6,
            "icon": "/service/hirDev.svg",
            "titleOne": "Hire",
            "titleTwo": "Developer",
            "text": "Hire dedicated developers who are experts in their fields to accelerate your project and achieve your goals.",
            "href": "/hire-dedicated-developers"
         },
         {
            "_id": 7,
            "icon": "/service/hirDev.svg",
            "titleOne": "Python",
            "titleTwo": "Developer",
            "text": "Hire dedicated developers who are experts in their fields to accelerate your project and achieve your goals.",
            "href": "/hire-dedicated-developers"
         },
         {
            "_id": 8,
            "icon": "/service/hirDev.svg",
            "titleOne": "Python",
            "titleTwo": "Developer",
            "text": "Hire dedicated developers who are experts in their fields to accelerate your project and achieve your goals.",
            "href": "/hire-dedicated-developers"
         },
         {
            "_id": 9,
            "icon": "/service/hirDev.svg",
            "titleOne": "Recover",
            "titleTwo": "Hacked Website",
            "text": "Hire dedicated developers who are experts in their fields to accelerate your project and achieve your goals.",
            "href": "/recover-hacked-website"
         }
      ],
      "btnText": "Explore",
      "cardIcon": "solar:arrow-right-up-line-duotone"
   }
}
