{
   "webDevelopment": {
      "pageBanner": "/service/webDev/webDevBanner.png",
      "pageTitle": "Web Development",
      "links": ["Home", "web-development"]
   },
   "Overview": {
      "title": "Overview",
      "descriptionOne": "At ByteScrum Technologies, we prioritize Web Development as a key aspect of our operations. Our process encompasses creating and maintaining innovative web applications, including software solutions, database management, and server-side scripting, ensuring comprehensive coverage of all web development needs.",
      "descriptionTwo": "We deliver high-quality, user-friendly web applications tailored to our clients' needs. Our expertise ensures scalable, responsive solutions that provide seamless experiences across devices. We stay updated with industry trends to offer modern and innovative web app development services.",
      "bannerImg": "/service/webDev/overViewBanner.png"
   },
   "developmentExpertiseSection": {
      "titlLineOne": "Our Specialized Web",
      "titlLineTwo": "Development Expertise",
      "subtitle": "Create Your Own Genuine Web with Us",
      "textOne": "At ByteScrum Technologies, we are experts in web  development. Our skilled team of developers creates visually captivating websites that leave a lasting impression on your audience. With custom designs, intuitive navigation, and seamless functionality, we bring your  online vision to life.",
      "textTwo": "A strong online presence is crucial in today's digital age.  Our web development expertise helps you achieve your goals. Whether you're a small business or a large enterprise, we deliver top-notch solutions that drive measurable growth.  Partner with us and unlock your online potential.",
      "expertiseIn": [
         {
            "name": "React, Next & Angular Web Development",
            "level": 99
         },
         {
            "name": "Laravel Web Development",
            "level": 98
         },
         {
            "name": "Wordpress Development",
            "level": 96
         },
         {
            "name": "Custom Web Development",
            "level": 98
         }
      ]
   },
   "techData": {
      "title": "Web Development",
      "text": "At ByteScrum Technologies, web development is paramount to our operations. Our skilled team creates visually captivating websites, manages databases, and implements cutting-edge server-side scripting. We deliver customized web solutions that meet your unique needs, with a focus on quality and user experience. Partner with us for web development success.. ",
      "btnText": "  Contact Us",
      "cardsData": [
         {
            "title": "React Development",
            "text": "Build dynamic user interfaces with React's component-based architecture.",
            "icon": "/service/webDev/reactjs-icon.svg",
            "bg": "/service/webDev/reactBg.png"
         },
         {
            "title": "e-commerce Development",
            "text": "Create robust online stores with seamless shopping experiences.",
            "icon": "/service/webDev/e-com_Icon.svg",
            "bg": "/service/webDev/e-comBg.png"
         },
         {
            "title": "PHP Development",
            "text": "Develop server-side applications efficiently using PHP scripting.",
            "icon": "/service/webDev/php_icon.svg",
            "bg": "/service/webDev/phpBg.png"
         },
         {
            "title": "Laravel Development",
            "text": "Leverage Laravel for elegant and powerful web applications.",
            "icon": "/service/webDev/laravelIcon.svg",
            "bg": "/service/webDev/laravelBg.png"
         },
         {
            "title": "Node JS Development",
            "text": "Build scalable network applications with Node.js runtime.",
            "icon": "/service/webDev/nodeJSIcon.svg",
            "bg": "/service/webDev/nodeJSBg.png"
         },
         {
            "title": "Full Stack Development",
            "text": "Deliver complete solutions with expertise in both front and back end.",
            "icon": "/service/webDev/fs-Icon.svg",
            "bg": "/service/webDev/fsBg.png"
         },
         {
            "title": "Open Source Development",
            "text": "Contribute to and build projects using open source technologies.",
            "icon": "/service/webDev/opIcon.svg",
            "bg": "/service/webDev/opBg.png"
         },
         {
            "title": "Angular Development",
            "text": "Create dynamic web applications using Angular's powerful framework.",
            "icon": "/service/webDev/anguler.svg",
            "bg": "/service/webDev/angulerBg.png"
         }
      ]
   },
   "processSection": {
      "title": "Process we Follow",
      "text": "Lorem Ipsum is simply dummy text of the printing and typesetting industry. Lorem Ipsum has been the industry's standard dummy text ever since the 1500s, when an unknown printer took a galley of type and scrambled it to make a type specimen book. It has survived not only five centuries, but also the leap into electronic typesetting, remaining essentially unchanged.",
      "tabs": [
         "1. Collection of Information",
         "2. Requirement Gathering",
         "3. Design & Development",
         "4. Quality Assurance",
         "5. Development & Launch"
      ],
      "tab": {
         "icon": "/service/webDev/noteIcon.svg",
         "title": "Collection Of Information",
         "text": "Lorem Ipsum is simply dummy text of the printing and typesetting industry. Lorem Ipsum has been the industry's standard dummy text ever since the 1500s, when an unknown printer took a galley of type and scrambled it to make a type specimen book.",
         "imgOne": "/service/webDev/processOne.png",
         "imgTwo": "/service/webDev/processTwo.png"
      }
   },
   "effectiveTeamSection": {
      "titlLineOne": "Building an Effective ",
      "titlLineTwo": "Team of Web Developers",
      "subtitle": "Skilled developers delivering seamless, high-quality solutions for your business.",
      "cardData": [
         {
            "cardTitle": "Frontend Web Developer",
            "text": "Crafting stunning, responsive interfaces with React and Tailwind CSS."
         },
         {
            "cardTitle": "Backend Web Developer",
            "text": "Building secure, scalable server solutions using Node.js and MongoDB."
         },
         {
            "cardTitle": "Admin Panel Developer",
            "text": "Designing intuitive dashboards with Laravel for efficient management."
         }
      ]
   }
}
